0000565e-39ed-4bb8-8bb9-26267c2c60df;1
0008836e-7937-44af-a1aa-87594f43f622;-1
000fab77-c9c8-4784-8728-d951e7ac2045;1
00177b5f-793f-4623-93bb-573fa07907e6;1
001e2dcf-3285-44d3-92d3-490de4f682a4;-1
002333ab-cc2d-40e2-b19a-09b2b93d0578;-1
00257a9f-33be-4436-ba30-1a8a72c67619;-1
002a4d84-4778-44cc-9925-7b8e165fdae5;1
0033a013-c9c8-4fef-8355-e21561d68c95;-1
0041de20-86bb-4176-bafc-ecad65a8acca;1
00422e44-b4db-4e20-ae4d-006d6628577f;1
00459607-23b4-4b72-83e4-f7e6745faae3;-1
004f65f2-a8d9-4cc8-89eb-c44d095561b2;-1
00578ea8-f714-400d-bf4f-d9ebbfc7bafe;-1
0066f183-3f38-497d-a8c2-771b9f72384e;-1
0068f854-3737-4e75-8090-ae4e03ebbb89;1
006b069a-6db4-4656-a9a2-b482f094afac;-1
006d0135-9303-450c-9c4d-f6352a81d5e6;-1
006e41ae-0b49-43d7-8fae-6aaafaca2c6f;-1
0077f80e-5659-4ba6-ba89-0ec7325a8734;1
007c512e-eb00-4c61-a968-1ea28222b239;-1
007e830c-ef07-4981-9195-afe16d4d7135;1
008b1336-b552-4fba-beaf-54984709934d;-1
009228f5-aa48-4167-88d0-63ad43039d39;-1
009b1c44-ccfd-4af6-baac-f5fa7f04b4e3;1
00a50a85-6869-424b-8884-75578a7d1885;-1
00aa7153-cfad-46ec-8905-76f7bdf0ef61;1
00cea700-92c4-476c-a984-a39105375fa2;1
00d70a75-d2e9-4f3a-bc98-1b4d488ec019;-1
00e88413-7fc3-4e7b-a6eb-afc7d47e7cdc;-1
00f2c5ee-ece6-417a-8b12-ddd3bb8869e2;1
0109fba8-a0e1-452a-ab98-6edfd25ed9e8;-1
0113b7cb-4e6c-4552-8b7d-7cc765a29203;1
0117a0b0-cfc4-4316-95ef-82bae0e306bf;1
01189867-b988-4aed-bf66-f3fe534e03a0;-1
011e150b-1ab1-4960-8d9e-bb48f040ac5a;-1
011ee3d5-7fd4-4afe-91cf-420dcaa5d7f6;-1
011fb4a7-2028-4344-a8fd-b9c426fde204;-1
0121a880-9a39-4ff2-b2ac-3fadd8718186;-1
0127904a-ca3e-47fa-a6d9-ddea22aafef9;-1
012eb863-7032-428b-8481-13189e15227e;-1
0139dba4-19b7-42b7-ac3e-769129f124d3;-1
013b9fcf-99b5-4ffb-95aa-eb355fd02557;-1
01449996-0134-42e5-8923-dad797b4f50f;1
015372ca-7c3f-4484-a127-04bccf639d33;1
01558c16-5c43-4d4e-bae0-6969b2fe3d53;-1
015c892f-075e-4433-9ad1-cfca315dca16;-1
015f3e77-7c31-44da-a294-cd47f13319d3;1
0160c211-54d2-4257-ba9d-1723ec86904a;1
016267ab-e3a3-4d8f-a571-a38cef670c08;-1
0171a1cd-5e46-46ed-9907-5b3417d6967c;1
017657f0-6bdc-466c-a1d8-d2535a81351d;1
017668bf-fcbc-41a9-b619-8d36d103928b;1
017efc90-e80e-4a0d-ac9d-793e98bca7bd;1
0183f9fb-f3f5-486b-b912-ba53129fc0c7;1
0189c3b8-b621-4306-9944-e6a73fa3c480;1
018ebdca-c171-43aa-a327-b4b293485590;-1
0192829c-6b97-495d-9fe5-611ce6153377;1
01935901-e9a1-4de8-bd2c-0f3b70ce7484;-1
019c0e4b-5136-4891-84b9-a60b65e72c38;-1
01a8df60-d7b0-42f2-ace6-17e7fa2a8679;-1
01ab76f2-cb95-407d-8b55-6cd52a63478c;-1
01b2943f-b370-4cef-97a2-4161c644e24a;1
01b3de3d-e522-4ecd-8018-3239f83c93c2;1
01c31c64-6b61-4899-89a3-18eb1f79737e;-1
01ca427e-d7cb-499b-b646-31f3a9d7a20e;-1
01df40c6-4bb3-421b-9e45-5044a1b932bd;1
01e0aa91-61ac-43c5-ba71-bbc8ac579468;1
01e34a87-2705-47b3-9640-7c140a704f0c;-1
01f06ecb-1127-436e-b927-29e29e3acb27;1
01f7bded-a10e-4189-8c30-36c2265563be;-1
01f82cf1-dcbc-4a6b-808b-0d723155a36d;-1
01f86086-927c-4a75-971a-5d0699c36bcd;-1
01f9d97a-c1ae-4e76-a08c-54fe1e198431;-1
020817ae-ce9e-457a-bf6a-b605b2216a13;1
0212c510-7691-4715-99e2-25a3a2f7aac9;1
021ccef6-ba81-4ef2-8360-96f592ead29f;-1
0221de19-0a4f-4294-b3a3-2ac4df8cf67b;-1
022381a3-ee80-4ece-9771-5b24187d21a2;-1
0228c78c-12c7-4708-9b77-1ab50e409bd6;-1
022b1c10-908e-4e03-b10c-1d090c1c201d;1
022c3290-d802-4a23-aa06-662f74d02b78;-1
023028f2-4593-44d0-b737-4dfed788ed83;-1
0236ffc1-40bc-41c5-aa45-b57fb24bd748;1
02588d4a-c4d3-45a6-83d9-8af4b62eb4f7;-1
0262e729-fee9-4fac-9290-cce9c3bb8df6;-1
02659da0-1ace-4d5c-9b23-23a13b70ade6;1
02718b01-b455-409b-880b-f383e87a882b;-1
028ec7d6-8e06-4055-bef7-d01195e84cff;1
028eed81-d365-4537-934d-9578a2d102c5;-1
02900d9b-2ccc-41df-9940-9f758d702769;-1
0293afdf-178d-4f03-8090-4b43a442f0b0;1
02955745-d68e-4e14-9ac3-8c94418daf94;-1
02962785-ad10-41a0-b1c2-d2c76e0304c2;-1
02a37f3d-19ef-4b70-9b19-f61da5ec61d9;1
02a4f0aa-ebde-42f6-b1bc-6af69964d018;-1
02a879bd-9fd7-4aa4-add2-2485e98c059c;1
02acf01f-216f-410d-b6b7-cdfb2af05e59;1
02ae542c-020e-44bb-9fbe-3f05d1dfa550;1
02af734e-b5a6-4235-beba-5c692ca7d0c8;-1
02b81e5a-d8f2-4027-9a45-8e9f5f1f85c5;1
02c04091-8663-4c13-a30d-31b274919e9b;1
02c0bc01-3a13-4eac-9cad-c8719eb9b28b;-1
02c154b5-af26-4428-9cfe-bf34b92f9ca5;-1
02c1f492-96f6-4486-9727-3912ff58990c;-1
02c3b1f5-06ca-4406-8e38-a4e7fab8bf20;1
02cb3445-32a1-4189-a8c0-f17f0fe7bab3;1
02e50fb2-2175-4d21-a122-8a7bd31df389;-1
02f0a0ee-6b53-4c7c-8407-77d75338ec41;-1
030883d9-5a37-400a-a5c3-60c81df61a55;-1
0311dbf8-32d2-46b7-b409-369460d81f4a;-1
03171d46-ec6f-4d93-9d60-0f12c72bd298;1
031b8375-fd82-428e-8c5e-6bbea9fe6db9;1
031fde28-f955-4013-afac-686dfd18c62f;-1
0329e8bc-04db-4b47-b82f-fa41c6723637;-1
0338b04d-1421-4bb5-8496-ac25560301f6;-1
03392bd6-ad1d-4a79-ac7c-35f71f6292fe;1
0339578b-86aa-43dc-9107-305bdf96074d;1
03418d32-8248-49e3-ad2d-187dd7e16f22;-1
0341e66f-8064-40a0-9c21-0467e3d2cd3a;-1
034a8d88-cde7-4f3c-9168-9a5741395e38;1
034d5d4a-faef-49d5-acf2-318498436727;-1
034d6014-6073-4a4d-89c2-f2318593d4ca;-1
03506b06-e96d-48a3-a74d-db03addfa10a;-1
0354e12a-5239-4981-a810-5065f386b766;-1
035562e4-c979-4485-aac9-69d8b5cf3bdb;1
035a5c29-18ea-4b2f-b060-01bffe15597f;1
035f488d-edd9-499b-9290-99bd2074fbe2;1
036742ff-5b94-45df-8693-2aa22c4a6e1f;-1
03698dc0-54d3-44f8-b138-ad67a1e89264;1
0384b702-d03c-4958-b6e1-556c009e3ba4;-1
0387bbf2-c9ff-4df8-90f7-5bbdd180b972;1
038e9e86-7518-4079-8b95-32aea24ae9dd;1
039df57d-ba80-4b96-b7c9-bab56c3d502b;-1
03bcdcaf-4685-4618-8677-c7253eb95d68;-1
03c01e3a-13f0-4796-9051-d74fae27c4f7;-1
03c50547-8685-44e4-9218-b1afc5880295;1
03ca62a8-348d-4e5b-93db-8b8bd53b31a0;1
03cba9af-94df-45c3-a567-bad78ce2a2c2;1
03d19322-a4b1-4ccf-8f41-96f43ada9d97;1
03d4b3c6-596b-444d-9a90-5d626291a5ab;1
03d7a458-6466-4eee-bf65-49724436f94e;-1
03e08670-8da6-4c65-a1fd-50e71d25c0da;-1
03f7f6e2-4771-4752-96bb-b9088114a750;1
0404096c-d84d-4952-89b9-d4009bf67e87;1
0407436e-3dca-4994-955f-31979d563135;1
04111636-ad5f-43c2-9809-5398d76de02d;-1
04182112-2955-482c-93a6-83384de625ec;-1
0418c391-ed58-47ce-b504-a6e4ad218378;-1
0421a77a-77b6-4fa6-928d-cae816df36ca;1
0424ff46-049d-48df-9374-05095d5a7f47;-1
042c7e5c-0980-4efb-9a41-ab22997352de;1
0434dc6b-f7a9-47c8-a171-806c6551e63c;-1
0435f2f6-90bd-4032-a7a2-93f0c30f06a3;1
04389c67-de27-45c8-9f8a-dbca6b2ce9a9;1
0445f9ca-05e3-4dfb-87e0-b42867b5e06b;-1
0446f0ae-6b9a-4a60-a4cf-74f801d10b0c;-1
044c0497-d7de-4d89-9115-432900e8864b;-1
04528057-83af-4a2e-aae9-fcf2b966318b;1
045364f6-ac72-4aaf-b7e5-50f2e4aede1c;-1
0458be10-9ad8-4f68-ab6c-2e0b9da5e05f;1
0460bd1f-14c4-4110-a35c-7384e5cb74e3;1
0469f2fa-bd21-443b-aabd-b3024cddf5f6;1
046f4b84-5b93-4c3b-9228-01484518c668;1
04748e32-8ea2-4346-959d-96c9e130dc9b;1
048c43ef-dcda-4fd5-a6bf-6484dedf550e;-1
04951972-ef18-4010-9f5c-9bf835befc2e;1
049a9628-5303-4240-b727-bf46dadab1b1;-1
04a2a62e-95d0-419b-a728-9410cabb78ee;1
04a83ff2-1197-448f-87c5-5e086a4e3a1a;1
04aa9739-e086-4d90-a46a-970546cc0c53;-1
04b0def8-be99-44b8-8d9e-cf1a77a86528;-1
04ca8569-5589-483a-bc8f-fc6370a82720;1
04d1a9f2-11d0-486c-b3b7-567b3eb2cbe5;1
04e16145-fd53-4a85-9429-6d55c8b75315;-1
04e5dee4-024d-4b0c-a4d9-24bcbaf935ce;-1
04e77c46-1655-4128-ab59-918df33bf86e;-1
04e845bd-f7e9-4b28-b178-d88d706355ad;1
04ead2ae-b7ed-40f9-a1ae-ddb226f1bf8b;-1
04ecf4bf-58d5-42fd-998c-b14a129ee2db;1
04ed175a-5d84-4856-9ee6-37eb6c6b05f4;1
04ed5bef-21c4-4193-8d4b-66aa5924346e;1
04ee4b6f-8620-43e5-a8cd-d2382c065f25;1
04f26032-a887-4a56-b076-3b7a8502709c;1
04f803fb-d0b4-4022-acf2-cdc0c0620b01;-1
04f91d6a-577b-4cd7-bb08-10a5aa8ba0c5;-1
04fc1284-492d-4125-891a-c544807955dd;1
04fd7065-ed88-474f-b85c-f05132cf2bae;1
05031302-5422-487b-9650-cee8c20e06a3;1
050a62fd-32c4-4d28-b1c2-9a56fc09b769;-1
051359ab-042c-47ef-b601-e754d7ee2271;1
05156271-7922-43a5-9571-257ec5fe51be;1
051a9bff-641e-46cd-9796-b58cff61c00e;-1
05232d8a-ad40-4635-9bd8-ab3a5d3e3304;-1
05254d76-9a27-4ba6-a6d9-a5580681ed58;1
05390a78-f99d-4112-a12c-0e9154d1609a;1
053f0298-395a-4c7a-8153-a858ce532401;1
05416902-2c22-4517-9ba4-0047b2e08a6d;-1
054357b2-1712-4e6e-af86-16642c055ae6;1
0544b853-80d6-4a8e-afa4-eea0528b24d6;-1
054cbf5d-3b08-458e-85b1-0d06988f14ea;1
05531323-ca6d-4b44-bb82-7cd9851ec552;1
0561cb87-a5e9-4c6d-957a-889b54efb2f1;1
0562a539-2a9e-4a47-8a9c-3a1b0809445f;1
056b2a27-c785-43c3-878f-1a99b52db0b5;-1
056dd799-a7e5-4ab6-a63b-5674b13fe023;-1
056eeedc-e849-4a13-80ef-81cee17c7b71;-1
0575c8bc-e92b-4e0e-89ad-13348c2c68b3;-1
0577ece0-b954-4249-8497-cd23c72d5f72;-1
0580b4dc-610b-4258-877f-4135001f5734;-1
058394c0-45aa-4211-9cd8-043c9a5e5ee0;1
058abe0b-6454-4fd7-be8e-e8a399af7239;1
05954e8b-244a-4b59-b650-315f2c8e0f43;1
05a24dff-4846-4f4c-82b3-ea2c2c43bdf8;-1
05a3fbe4-5077-42af-9ffd-20ebd51b40bc;1
05a94017-b65e-415c-8434-14029d308439;-1
05adcd53-90a7-42a7-aec5-9bbf4ec56aac;-1
05b8b913-75d9-4a27-8483-876ad1d65e46;-1
05ba43b1-37ee-42e3-a15d-0ac59f3fddd7;-1
05bddcab-9944-4f10-b2ae-521bd8fabe2c;-1
05be4a74-f1e6-43df-9b08-a4fb8796d5e4;1
05beb91e-849e-4ac5-84eb-93df327e5d08;-1
05c0076a-f25b-41a3-b24b-66f3e09a7711;1
05c38fe3-9ec9-49ca-8d42-ac968a26b114;1
05d28c6b-6b13-4596-978d-705a3bda59cf;1
05e78b9d-cffa-4ab9-b3d4-3a29f25825c9;1
05ecaa03-be50-40b1-9532-8a323597ee7f;1
0600622c-21ab-4c3c-8592-3ec2f101bdb9;1
06073305-859b-43db-9e76-82118dab709b;-1
060d573f-97f0-4847-b317-6bfd2486201f;1
0615e767-102d-4b2e-bf19-04792e384e07;1
0618e0e3-831d-46c7-9c19-625c2e0f66ca;1
061fed92-dc39-45f7-ae6d-109db2a909e3;1
0625bbcb-c563-487d-9c5b-818f010b88ee;1
063119b1-7805-4947-8e22-fe8d481ad504;-1
06327443-a620-49a9-a216-9e491d0575f3;-1
0632f16f-5e43-4b67-84d5-9ed5ffa55fa0;-1
06459975-6277-41b1-bcd0-dcbd71420c3c;-1
0655a569-970d-4159-a8b9-801eb9b08cdc;1
0656c1cc-7ec6-4f61-af6b-bef8c089a64f;-1
066b48bc-5b79-44ac-bc74-aaa4d9f6faea;-1
066bf507-31e0-4557-bc68-b36c9051c816;-1
066ce319-9297-4969-970e-afd80c99ca0b;1
067562d9-c319-4bed-8b9f-19d883496483;-1
0677a009-697b-40a5-b411-561fb9986d9b;-1
067a96d1-38c7-40a8-af7c-a90d7e955f57;1
067bd7b0-74f9-4630-8793-54031260f0f6;1
068eedca-3863-4f0e-b1e2-ee7af2152c37;1
0699083b-a042-4e63-8904-61e6e80350ba;-1
06a3077b-4197-4032-912d-de749aaafe66;1
06a51473-fa53-4477-9630-1444d97610b9;1
06b0b953-c015-4b08-a922-a4524ffb332f;1
06d73f7d-d3be-4838-8afb-430fd750b335;-1
06d781b6-994f-4780-94eb-334d36f6d3b9;-1
06dbdea9-219d-47ca-b615-c237dc8053de;-1
06dd4f9a-e8fd-4de9-af9c-aa4d8645d38c;1
06e837af-547e-41d0-a033-3492a11c77e1;1
0700dccc-0a28-446a-a98b-684323b4af62;-1
071479ac-0e6e-441d-8be9-f2ec00847813;1
0718c555-937f-4914-995c-5eb3b64ea3e8;-1
07289ffd-b79e-4c1f-be05-8c060ab5160e;-1
072949c6-8079-4ed0-af43-dc2f0a04afaa;1
072a7ba8-c1b5-42f0-a3f8-3a7a5bd9add6;-1
073c8ab4-fc62-4d6c-a15f-1430aa53f373;1
0744a1d9-adac-42d2-b8a0-981a97736213;1
074ab9b3-890f-40d9-bfac-b5c88e3f47e8;1
0751e829-7252-4ab9-b8a2-280230027884;1
075ab1ff-685e-4169-8159-6664f02ba92f;1
075afcf4-82e3-4c6a-8264-94f891634391;-1
075f61dc-431e-46b0-a5ea-1d846f29f2f3;1
076f3b28-3348-48cd-ba6b-d49eed946e3f;1
0774216d-8d37-4c8f-92b4-6ea7f91694a7;-1
0786850d-e3fd-4273-b994-a6c59e0f382c;-1
07890dcb-5281-4e12-8e1c-0c7a99d96f62;1
07927a74-1681-4207-93b9-37d8b068120f;-1
0793b287-05a9-4093-b7c8-9528c772f100;1
0794a1e1-307a-49ea-ad2d-30cae97a47d5;-1
07a216e3-a437-4031-a633-5bf6389040ec;1
07a41fd3-e539-45f7-9ad7-17217e77a359;-1
07a46eef-fff8-48ac-a8e3-28273759a6a0;1
07aafebc-6c9b-4057-9132-4d96523e1663;-1
07baf291-b812-422f-8c5c-6960dab85eef;1
07bb48c1-2b00-4635-89c6-9d52decf5072;-1
07bfe57b-7a35-4058-b77f-e58912fa11bb;1
07c25dff-9431-4c44-ac52-b690aeac0d70;-1
07c4f906-2e8c-4a05-b853-c2fa92b535b4;-1
07cb71c3-bcaf-40db-a694-3384d44c8e22;1
07d0f9de-d83e-4883-b36d-cf72587f99e3;1
07d14de5-dc4a-4c9d-ae3e-f49bf627e423;-1
07e362c9-b5f8-4fa9-a362-d3822d4015c9;-1
07e74298-fad1-4e42-832d-f612db816dde;-1
07e7dc2c-74a5-4957-9cb8-671a4fb61f1c;-1
07edfc05-2577-443d-95ce-196945ea8428;-1
07fb06f4-7fc0-4df1-a165-8695cd5082c5;-1
080183ca-ddaa-40ee-8cdb-a29112faa2a5;-1
08088b49-bdaa-460a-a441-570a7f3747cf;1
080a5ae0-a7b2-4b26-b5e3-2139095c9bcb;1
080b765c-df2f-409e-b8fd-53dd33d562af;-1
080bbc92-04b1-4861-bdbd-db0ec47ae699;1
0818483f-d7ff-4018-abe5-3704d7e198bf;-1
081c5c8d-ae04-497a-ab03-650728ee1ff4;-1
083a2480-6e7f-4eb5-8cf4-e200f102ad92;1
083fa08c-160e-4adf-a72f-345b2c1c0472;1
0844f0a9-dc3d-403d-aade-490633a685b4;-1
0845ccae-34a4-469c-b375-15d09ededcf6;1
085a3e73-aca1-4e50-8cf4-24e6761e84d2;1
085cbe91-2fef-4df3-95a3-60f3fb7fd9e0;-1
0865f428-71db-4c2b-b566-f19874bc33c6;1
086682e8-e05a-4814-8425-d58d93ed7926;-1
086ecfce-4729-42a3-b36b-4d285cb1afc2;1
0874165a-a22b-4c38-bc09-04ca018c1834;-1
087a06b1-9a96-4298-9f9c-66ecb57bf370;1
087ba87a-ac00-43e2-a12e-c4f583ef94d4;1
087fbcb8-af5a-43b5-939a-0e1ea22850ba;1
088fa74f-6641-4912-9f41-9ba64a6a6ceb;-1
089c1eaa-b953-489a-8d86-c5b114bad842;-1
089daf00-e97b-47d7-aa1f-5a0f09ca2323;-1
089dc1ea-bed2-49cd-a338-7ed63742118b;1
08a27f87-9a5c-4e41-8d62-742760bc2659;1
08a7135a-426b-4d50-9603-3cb6ea85b2bf;1
08ba2f2f-6627-4bed-afd4-d690491433c5;-1
08ba3892-e78b-49f2-8caf-202041cfd7b1;-1
08bdad42-4e76-4122-85d3-7cc486f5a26a;1
08c012e3-3fe4-4ee6-9466-472a1c5ec16f;1
08c0c7f5-1d0d-4f16-b7f9-6f9aed9e2177;-1
08c0eefe-061d-456e-a2d4-da58b509362f;1
08c3f864-8d64-4f3a-993f-7508c0b0f89a;1
08c47fad-4eb3-44fa-aa6f-9bb48fa1f5db;-1
08d159c0-d96d-45da-a87f-b769cb03084b;-1
08d420e1-86c3-49ae-9947-c8f0598fbf3f;1
08d6817b-e8f2-4dc7-9aff-e3609fe1deab;-1
08d88f09-94cf-44fd-9686-10ee8fb8cd57;-1
08df19ef-fd7c-4bb0-a96c-1ba450099cf1;-1
08e7a842-875b-4bb7-a75a-d656532aa562;1
08eada40-0cf0-4abc-9458-bb0aa4853607;1
08ee4964-7ca4-4699-a01d-28b9d7e95619;-1
08ef09f3-ed1f-40fd-9efc-9852b0b2f58e;-1
08f36cfd-1433-4860-83e8-9e5438a844a4;1
08f6d64b-21da-4688-841b-0b958ee1d873;1
08fdc058-22bf-4e53-8aa0-777aae3db187;-1
0900db07-d213-4b8e-8ced-ff1a081ee815;1
090a48ed-b6fc-423b-ab89-b075b69697ed;1
09175cc9-a19f-48ac-9659-5c4d1df56e26;-1
09345750-dbbd-4205-a531-bfe3832d3b06;1
0938863a-1b6e-4d9c-9010-5f8d966888ea;-1
093a51c9-c0eb-40b8-98db-db8d0c710002;1
09414dca-2405-4768-a250-fe4b8fe3d6fa;1
0943d280-59f9-4b2c-a4cd-d179cd1e5a19;1
0949ee4d-8419-4c28-8801-4e2abdfc1ef2;1
094a4c28-05da-4aa6-bcd4-71656a947324;-1
094a8a02-633c-4651-97b1-9182144df8b3;-1
0955001f-fc3a-4b0b-8fa7-ecd5d7f7e211;-1
095c62ae-77ae-49b7-ab37-c468bb768629;1
0963a40a-3a0f-4ac6-b4e0-1f7fbee9833a;1
0969cd63-d6a5-449c-8974-23685993d246;-1
096ab177-4c93-421e-99ea-889c39cd3267;1
096b28c5-7e6f-4322-840e-fb82379a378f;-1
09750369-2da9-4771-af45-12de6f4571e7;-1
097a9822-faff-4357-8c5c-385bd24fe8e8;-1
0981dd72-c866-4deb-9aeb-7e354e5dece3;-1
0988550e-bca6-49a9-a899-26dc2c92118d;1
0988d9da-ff68-426b-a57c-d3c7b06166f4;-1
09893587-c2a2-4de7-936b-5891d5d4220b;-1
09a18e64-6899-4e36-8403-a8eaf0168a94;1
09b3ce86-b89c-49e7-8cb8-26e68900d563;1
09b3f7e1-9127-49e7-849b-307e10aa29e7;1
09b50693-ea62-4263-9614-0efffb3030b3;1
09c7ef51-b8af-41e6-b563-2a696ef33b5c;1
09c93150-e3e2-47b6-bf3d-d6f3341ae22f;1
09cb6585-5bdb-45dc-9dd3-f1938c03c802;1
09e1706a-0db9-4270-940c-3d06e0c03236;1
09e20ac1-54fc-4766-bfef-3e6fc902d7be;1
09e54a20-0f7d-4405-9bcc-ca5ca12526b4;1
09f01e3a-5146-42f5-b748-c9ce3af9556e;-1
09f0ba99-be41-4654-a4a4-92c469bad9a3;1
09f431e6-7718-48fe-9986-3589f98ffaee;-1
09fda99c-58ed-4237-a0f2-ce70b38b6394;1
0a02cc5f-d1e4-41ac-9e49-98d7408fec09;1
0a1a5e2e-6dfd-4cf1-9825-d1cfbf669b7b;1
0a208b06-10a9-4768-9581-dd2a7c8cb330;1
0a28ae2a-1c6f-477b-a9d8-454555699933;-1
0a301b06-8efc-430a-8eba-4193dcbe7f5f;-1
0a3813d0-6dc8-46dc-8faf-c87acad758e4;-1
0a4a2b92-ba1d-4cbc-a76f-efaa24946009;-1
0a4b1cb6-da70-4e3e-8bd1-c52f34783cfa;-1
0a4c16ab-ae34-4491-af54-17915d90312b;-1
0a5be40d-117c-4a90-ad45-5081640c5308;1
0a67be33-a5ae-45cf-a163-e5c9fdc88ee3;-1
0a6e3b0d-f1b5-405c-9101-4e000fd05290;1
0a75c2e9-2cfb-4389-948d-830548fa88cc;-1
0a8246e9-902e-4ec9-a38c-ca163ec85df4;-1
0a828a58-c034-4c11-9521-f8b41ff4e159;-1
0a956923-a133-4478-8fe2-3e0f930c54fe;1
0a9fbe54-b59c-46a4-859d-c87c234f1711;1
0aa06849-1dcc-44a5-90ac-0b91b428d4dc;1
0aa3c1d2-ce63-4066-8057-27fa9237699e;1
0aa90eea-dcec-4822-ba48-4ee4721c9442;-1
0ab45fc2-e95d-4069-ab44-5742a0d2817e;1
0ab64eb1-9324-4733-bc1b-de8a231bfc51;-1
0ab656a2-ca3d-444f-95d0-cf1c5167a19a;-1
0ac4a553-789d-4778-9622-c4fcb3ae1630;1
0ac7e0dc-1cb0-4adb-b93d-eabff940b7aa;1
0ad14268-73b8-4dbf-8424-e12419910602;1
0ad7023f-015d-4088-b76d-b3f2575293f0;-1
0ae32f55-9f02-4389-88f0-21651a77fe2a;-1
0aec9dff-3f87-43fc-9b8a-e0a4c0cbb04f;-1
0af25825-8ef9-47a7-a083-c6e50d0ad334;-1
0afc586e-d760-4bed-8afe-babbc119aab7;-1
0b0084c7-6955-42bc-a119-75bde280ea0e;-1
0b01e138-a2de-432a-a264-df1c0b4fd020;1
0b0d5654-c3e3-48e4-9c54-c4e33b4af4fe;1
0b0fd384-e277-48b0-830d-eccc5f9a6ed9;-1
0b115728-91dd-4686-9199-224369de9355;1
0b146a06-2d91-41cd-a617-c15a1a701969;-1
0b1f4c96-9524-4f3d-b284-f1666300b66b;1
0b23f574-d0fa-4b81-a74a-bca924b5203e;1
0b2d3634-1bd1-4d17-98e5-08734715330f;1
0b3039c5-a211-4722-bf4b-fd936865df4d;1
0b362828-08cd-40fb-81d0-514a7b9b79c3;-1
0b437f70-4d6a-4e98-97ff-9157cbd0e774;-1
0b482db3-f128-4ba5-b30d-8a43eab97c03;-1
0b53d6fa-0498-4293-8864-ba28517b6e03;-1
0b597c33-9073-4e69-8491-fe1f6c4f2056;-1
0b5bc090-aa71-4be2-8084-105cf4bc8c91;1
0b5df237-ad4c-4479-a337-926fd9d14541;1
0b6563b3-18a8-4643-b855-16a1af650201;1
0b699bdb-dc4c-4186-b95c-e6791b3fb5ff;-1
0b73ed8a-bc75-4c3a-98fd-44ea03983249;1
0b7af2b8-b6fc-4e43-bd5b-91a2cf6f6922;1
0b7ed582-6739-44bc-9616-e22650315a95;-1
0b8f5eac-85bc-462e-8b0a-280bcbc21aee;-1
0b983121-a6b8-4c66-bb44-ef0f67ec6c84;-1
0badd8d2-a057-4707-ad1a-8cb01d99565f;-1
0bb83b43-38ec-4f97-833f-b29911bab5c3;-1
0bc162b9-065f-4c4a-a5ce-a36952c0b4d2;1
0bc31bec-8acc-4e99-87dc-e5868bf54eed;1
0bc349f1-eaa3-4cf8-b5f9-e0e7ff28f90b;-1
0bd04fac-595b-47d6-a381-80bb0cffb590;-1
0bd67903-d3c1-403b-bf0b-bb13d44e3516;-1
0bd95474-1148-4e84-bf0f-6386d0401e28;1
0bdf1e4d-cafd-40a9-99b9-98e2866b66f2;1
0be1524b-ec7b-420a-95ac-854ea5c01055;-1
0be878ae-8374-4006-b7e2-8e33ff58e2f3;-1
0bee4a2f-6470-40aa-80d2-813e2dc55fc1;1
0bf0bf04-4e24-441b-b681-5b92a203c020;1
0bf90bc5-b56b-4c45-869c-e7c321397e6c;1
0bfa46b0-0cf0-4b60-a802-ff84963611d0;1
0bfe1488-0c07-4aa4-abfb-685a82afa3d2;1
0c02adbe-99fa-4879-8c99-3a193eb957b0;1
0c18504d-af35-46f3-9866-5d02b5c967ed;1
0c185a5c-d31c-4ecd-8bfa-ea9e043a2a77;1
0c1f0931-7979-46df-b412-e15de1a9f27b;-1
0c2a068d-3752-4f34-a410-4ed5e6983e50;-1
0c2b2013-83da-4d4b-a90a-24e0798adc1c;1
0c2d9794-0cf0-4bff-b2ba-3027f3ed6dda;-1
0c2dc1c7-ed5b-4d58-bfd0-f6da7043dcb2;1
0c2f5f5c-5522-43e1-a122-06c19f8aeb28;-1
0c3041c2-f299-4436-8fa5-fce7edcc398b;-1
0c34bd5d-19c8-486c-bf3e-ebeae551b22a;-1
0c448f8d-1e29-4a1f-a7c7-e31c17ed0250;-1
0c54f0d3-ecb8-4544-b8bd-2ebb04275c58;-1
0c5e63cc-cd14-43d4-b9d1-326212d5492d;-1
0c5eb006-1f89-4598-8108-0cc8348ca251;1
0c67f1f3-a6f1-48db-951d-2c6a33d13e84;-1
0c78785d-8a2c-43e3-8594-719819f73bc0;1
0c8142a7-8e60-4efb-98c7-e0fa63bf0c4a;-1
0c82ff00-7db4-4a85-84ef-3b7e36f54dd9;-1
0c85cdd4-3f20-4b83-a1dc-07b7c2aca54f;-1
0c85f784-e705-4ffe-9de6-4b91bf5ed5c4;-1
0c8888f7-22d5-42bb-a5d1-0e16c9bfe54d;-1
0c8c2c4e-744b-4fb1-8b1e-94ec37bc8add;1
0c8cd5d8-0bfd-4e16-8642-f12a4f02db0b;1
0c96ee93-8217-4e15-8987-3b3ece7dd694;1
0c9ab3d4-b097-46a9-ba8e-2256db3aaa29;1
0c9d8a22-6673-4490-9427-ed65ca078543;1
0cadcdce-37a2-4337-bd51-44fd855d334d;1
0cb67c83-5e1f-4ff1-b2bb-e999483b9e3a;-1
0cbad618-1f2c-48da-ab0c-190c5292cc41;-1
0cbc8576-6983-4b50-8136-093f5e7312e1;1
0cbddc00-3356-465e-bb49-2df9be92f316;1
0cc0f03f-1cd4-431f-9859-22fee97787e5;-1
0cc11c08-0036-49eb-9515-3f39b13e8460;1
0cc44d1a-f62d-4f42-88a4-c4c146b023d3;1
0cc6f3a2-5650-4867-a6e9-e65dfed4b570;1
0cc84cbb-b9e4-4c38-b85e-9597aed35686;-1
0ccd5c3b-5f9a-4ad1-8c5b-68d5a930bfa8;1
0cd11460-55f0-4db1-b590-e38a0a9bb985;1
0cd2c18b-56a4-450f-a390-a06615bcfc5b;1
0cd4c7f2-e3e8-486e-bdb3-fb28dd3a18b5;1
0cd649cf-c4af-4112-8ea3-f84a69b669be;-1
0cdb7089-d6a0-472c-a28d-18f4e5aa126b;-1
0cf324f1-54a9-4872-95cc-bfd0a5f57df4;-1
0d0daf8c-ce9e-4f88-bfbf-060c77afd555;1
0d0db5bd-e799-4359-9b5e-53dc45d3c0bc;1
0d111cac-a992-499d-b4ef-812f0e34ebf6;1
0d129736-d82d-42b5-adc1-e6e0cefb4486;-1
0d1d8b1c-618f-4eae-96bb-720c30210f76;-1
0d2398ab-3a24-4727-835f-6b55456ac8f1;1
0d2a4061-0452-4173-94f6-ec4bc369a5c1;-1
0d40c1ee-6a18-4254-a0ce-96f668ba83d9;-1
0d489f25-1266-4e36-8c30-3b5a5d30e0ad;1
0d61bffc-2d74-46ce-b055-ddde042ea545;-1
0d685241-29e0-4b78-a1fe-fe3f862beb71;-1
0d69fbc1-555e-48f8-9f14-3f4c8ef84227;1
0d6c9e50-2f8e-4db0-ae42-740f8fcf789f;-1
0d74140b-c1ed-4a21-a9dc-fffd1e88695d;-1
0d7d37f4-4bee-4faf-a572-017c689c9517;1
0d96d9d6-d0e3-4668-973d-416d76612324;1
0d9f1614-f91b-4c1b-b134-c761ee43f9b5;-1
0d9fa39e-ac8d-442e-9b14-1d837afe95c6;1
0da343ae-2002-437a-87bd-4d115ae1ed8a;-1
0dad7086-ebeb-49c3-b289-8644a0ab857b;1
0db7ddc2-9770-47d3-9015-996475b4646e;-1
0dc0135b-ef8e-4e35-8ebc-79a36dcadfb5;1
0dc9f52f-4d9a-410c-81b5-725dd149abfb;-1
0dcf90b7-7b01-4bab-8682-6c8c3d1ec9f4;1
0dcf95fb-e65d-4463-87bb-649443cb49fc;1
0ddf0849-3d84-4451-8568-7d46eafe43fc;-1
0de4ee82-3275-460a-932a-0229627856f7;1
0decf6ed-4aa2-417f-be98-228f2226c5c4;-1
0df4e7ed-87fb-476d-bb42-b63157cba576;1
0e075b7e-7790-4b4a-88f2-b54585ee8565;-1
0e18909e-8a2a-431c-9c1b-c1e2a0c4fb61;-1
0e18c9d1-6fa0-4725-bcdc-b060c9b5e765;1
0e1cb389-22d5-468a-807f-1c36321005a8;-1
0e2aa211-a6c5-4fad-8063-f4682f0338e5;-1
0e3974ba-0d4c-49c8-a1c7-0a350bfe8acc;1
0e3a9dea-35c1-44ef-89b4-fa767b888f0a;1
0e411a9a-b4bb-4c88-b1f5-95851b2eaecb;1
0e442a45-9204-493b-9bf7-1ec3c7f5dc01;-1
0e50fee7-2f30-4ae6-bf9b-429bb999c9a6;-1
0e55ca9e-bea2-4bce-970c-090ccc815d46;-1
0e584494-cab3-4b07-9590-13ed7d748b5d;1
0e5c7450-6858-46b0-ba6e-553467fa8967;1
0e5efa57-ca1e-44b4-a081-eb7f1139284c;1
0e6687dd-c25c-476c-8258-7029d0003dd2;1
0e67308e-e7d4-48cf-a2c2-b8942222e5ed;-1
0e6e8ae8-2942-490f-96f7-992dff052a7c;-1
0e7060fc-cc0b-483d-aad1-22772e81c0de;1
0e75dfc4-612a-4280-9acf-bb61f6f4e092;-1
0e761abf-10da-4898-9874-10932028f758;1
0e76418a-2d91-4941-92cd-38d8f5fb70a5;1
0e81fdb0-9ead-4ddf-838e-2080c3e74f80;-1
0e8c0a05-70a2-4d96-b844-4e2fa86a0abc;-1
0e93bbea-1292-47cd-9347-423c63d3ffe3;1
0e96738e-b98d-4682-8e03-71adac8a4bb5;-1
0e9beac4-484f-48a2-af77-4336fc49706b;-1
0e9d9137-1410-4eae-8c28-340bcbaa1a69;-1
0ea55740-5a87-4c69-9229-ecf9508e7eaa;1
0ea5a654-56f3-4fdc-83a9-5f4a5dcd43af;1
0eacc8eb-750c-4715-bb23-4354010ef226;1
0ecaff28-e763-435a-9269-d701a47aba5d;-1
0ecf4d04-a073-42a6-8479-237e27ed8928;1
0ed6e511-1d66-4a20-a01c-b564152da8c4;-1
0ee5da4b-cafe-4c33-81a0-8b026084781f;-1
0ef09b79-7d71-467f-a431-f8bfb0704fc0;-1
0ef14a26-8b08-4e86-9411-b101dd361186;1
0ef24550-4bbd-4b44-b39d-146ae0917e03;1
0ef810e9-f440-46d1-849a-d903f0bc1c81;1
0f033f22-8a69-4e94-b6be-68808d223e38;1
0f08cba1-c027-4f0c-9f6a-75ad92e05b4a;-1
0f0d2fd6-061a-40fd-8240-7b56e139226a;1
0f11ca5c-a404-4002-b03b-4accd074dd8c;1
0f12ee33-acda-435c-951c-3824fd22b8f6;1
0f1446dc-1474-4adb-bf74-56254eca3592;-1
0f15c9a9-4f8d-43fe-a721-91941e826c89;1
0f179214-5340-4dbb-a751-e047b3882be5;-1
0f1b3a08-904a-44a0-832e-24e3ed7c503f;-1
0f1d3c2c-31b4-4ecb-b909-7b9e10ea2691;1
0f223765-1e45-4c56-ae9e-c564fdf655c6;1
0f266fd6-7442-4115-9d7b-2960fd8b7f07;-1
0f2aaee2-eb84-45b0-b231-1e59e182137b;-1
0f355350-a95f-4ffb-a372-3b0cb223db2f;-1
0f45be84-020b-4373-b530-96282d756f02;1
0f4f8ee2-2fc0-4b50-8aca-560ce9c1b64a;-1
0f691713-ac03-4c51-972c-a80137a4f4ab;-1
0f6a345f-d84b-4e27-946c-d72ea649b003;-1
0f7087ba-35bd-4c35-ab2a-65d59d3f6ec0;-1
0f78c0ca-dacc-4fe0-9599-15f41967d67a;1
0f79bb14-7664-4301-9afe-2428985d76ee;1
0f86caf8-d424-4e58-a8dd-9e01c1138181;-1
0f9dcacd-d566-428b-af89-adffeeefc997;1
0fa0c819-2ea0-4603-b295-ae97abd31f98;-1
0fa8d69d-2892-4463-8674-9083efdd4d71;1
0fb51928-7268-41e4-a06c-f2f0ff9724b2;1
0fc46ed2-7e43-497d-a518-0260bb53db7d;1
0fd27224-4694-4260-9143-d2a20c0826c9;-1
0fd2d971-9453-4821-844e-e3ab7dbf6142;1
0fd374c0-ab46-4bad-a1c9-2a4a10c1e840;-1
0fd39175-83e1-4252-babd-add33fe3bb6d;-1
0fde067c-32c2-41bd-9680-9a297e16ac5c;1
0fdf683c-d93d-4517-b47f-2007af94b474;1
0fe23c53-5988-4ae0-b0bc-5afe865761f6;1
0ff05ad6-340d-4fb7-8b3a-00d24a4ec9e9;-1
0ff12575-8005-4dda-9b1f-5a30356c56e5;1
0ff1d542-bdfd-4b3a-85b2-6413bd7a801b;-1
0ff6cc66-8f24-4f72-96f2-b29c96fd8af9;1
0ffa6429-581d-43ca-bfdb-42f5c26c158e;1
1001cd18-d8ba-4bf3-b295-047763f348dd;-1
100bac70-1409-4158-b661-8925379862d3;-1
100c308f-22e1-4cc0-9cb9-743d55629dc3;-1
101770e9-9467-4af2-a283-6a1f13e2ce32;1
1019ac9a-5679-4c9f-bcd1-530fef33a3c3;-1
10218821-da49-42b4-808a-63b880d1e000;-1
1021f078-85f4-44ce-8a9d-c07b7b6532f4;1
1026cca2-dd99-4d09-aa0b-736b9207c9c1;1
103750c9-29dd-47fd-ba05-17d6b02ad605;1
103aabcd-3634-4b37-91ab-1b7fadeebb65;-1
103e2c50-09b5-49f3-88ad-8588b98b753a;-1
1040f686-e979-4944-a21b-c78ddd7723fe;-1
1045d6ad-7198-4e6d-af02-5e1456917b4e;-1
1050c2c7-584e-4b28-af60-49dcc2996c9e;1
1052a668-8d12-4e83-a407-854b446c12fc;1
10532d9b-a56e-43c7-b6b7-1cce40bb6a60;1
1055f479-f07f-4e2d-bb4b-f925525a7f40;-1
1057697b-24e6-4942-91ad-ea01707e16de;-1
1062b043-26e2-4803-a24b-5152768e6dec;-1
106b5374-19c4-493c-87f6-541922a65c6b;-1
1081cd7b-4655-4639-9252-58d5c1d313f3;-1
1088eec7-f372-4cec-8a28-2a8aad968eca;-1
108fc9ba-54a7-4da7-b372-ce32300ed6be;-1
10914472-aa52-4170-b3e5-0797bce84421;1
1091f59b-c51c-4015-b84d-3b00a9ca785b;1
1097062b-536b-4035-a69a-158194b7e63b;-1
10985496-21ef-4cea-9751-28d7bb88043d;1
10acc4a9-0ca1-4ee2-844c-f6bdcaaf264b;1
10b04d92-6d7f-44b2-86e3-a54347a8794a;1
10b12ccf-22a2-49ca-8276-36806258d8db;-1
10b19db0-b35c-4c02-a7b2-85ba90af4b39;1
10b26d90-8d5f-4d08-83aa-46678380a7c8;-1
10b40f7e-d3e2-4506-9cbd-8a3b9666b20e;-1
10c955b1-fff2-4ea3-b381-e34754d68bb2;-1
10d0132e-6e83-4f68-8fd4-1346a93a249e;1
10dedee2-688d-4c24-ab6f-ba47b824c437;1
10f0e364-db3f-4210-a5fe-df7c9b143065;1
10f359a3-3e2b-4148-8b8f-844778384373;1
10fbc75e-4210-4612-ac30-592074aeb977;1
10ffb4b6-975d-469b-86a9-4eed77694a98;-1
110059ce-ce1d-4c89-b45e-b8e0de24c9bb;-1
11058876-3e97-4059-9e1f-bc268c498b1c;-1
110ef33f-5cb1-4842-9d9f-af3c94f64b8a;-1
1110010d-554b-474b-b90c-15597bc55ec9;-1
11294f0b-6146-4198-828d-bd51b8c53c57;-1
11372d41-820c-4057-8ed7-30ad93442036;-1
11429a45-b51b-48c1-824c-4cd124dccbbe;-1
1144bec6-51e6-4afc-95ac-18a17098b59d;-1
117fe43a-cb62-4055-9616-13b6e2d8413f;-1
118256c2-330a-4aab-b9d8-8b45f872c6dd;1
1185b850-fe9a-4cb8-a43b-70b78493322a;1
1186a8b4-4aeb-414e-8e0d-ac51b4754e29;1
11882546-d085-4a90-83b0-430ac743976c;1
118cf35e-d4c5-4e25-ae4b-457dec93b94a;1
11917a76-804a-4ba4-9a4e-5270091680ee;-1
119237e0-26e8-44a4-8b21-ce06116a9475;1
119651d0-cfd0-4283-8a49-acebaf7875ad;1
1199e665-86b3-4167-a332-2c9d5b98f832;1
119cfa17-c9ee-4d24-b375-b42e17e11588;1
119e5d49-a6da-4f74-a83e-1f9a4d5a2e6e;1
119efff6-3620-403e-a3ff-39c318046643;-1
11a1c937-db22-471c-9301-f245e3cd1de4;-1
11a237e8-5ddd-45e1-8ef1-997bb9b3dc35;1
11a4b6d6-8671-46ae-8e37-e46ca31d3f91;1
11a7f35a-3aaa-405f-a7d8-70870b969474;-1
11ab75b4-e4d6-44d3-93b0-27c532aac1b1;-1
11afd54e-92a7-424b-ae55-08fc7cf16b56;-1
11b0de7b-ed81-493b-b0c3-1555b494301d;1
11b6c4d0-8414-40ac-b93f-5d2634a37b3b;1
11c4c535-9bf9-41ba-9334-87f73cf95ac4;1
11c4eb0a-3e3f-417e-81e1-6c59d1f14fb6;-1
11dbf79d-946f-46c3-8d45-fc150f00efb1;1
11dc8e0c-4c82-40ca-944f-6aff002cb205;-1
11ec2fc2-fc0f-4579-a519-4213decb6ca9;-1
11f62866-2ed8-4157-8125-a0cbd85880f4;1
1207b059-93e8-427c-ba8e-bcb1200c995d;-1
12179f3f-6030-4721-82bf-f67b9763433c;-1
1218e2af-e534-41e6-bc59-e9731c95b182;1
1219015a-db81-4352-9db8-be1122fe9205;-1
121aca97-bde8-41bc-b8c0-2802d1e4f577;1
121eeed7-31df-49cd-9598-bc53901ef8c3;-1
1225cf0f-444c-42c8-8c4f-c223c0c82ba3;-1
123676fc-7cdd-412d-8b35-248f2ab6c41a;-1
12454620-0c38-480f-96e8-4c30f09e5c7f;1
124931ae-f71e-4864-b71f-286a7b79cd60;-1
124c2616-884f-4534-a886-df067adf0d11;-1
1259af06-1a64-4a43-a72c-e61c64f5a8e3;-1
125d3030-faf2-4d69-89ba-d767924ff03d;1
125ed369-e065-440d-985f-062c0fb1d0dc;-1
12664352-7599-4081-9d00-76a203042b86;-1
1272caed-fb71-4ccd-86bb-34e0bbcd8a5e;-1
12756a57-b7ed-42b3-857b-7ec53502e80a;1
127f8d75-25ca-4615-a917-85847822a4c3;1
128ce92f-3fda-4806-b8ee-31418c48c40c;-1
128d4900-eaa0-4ef6-a04d-0433a39825dd;1
128f09b7-8ccd-4314-8211-4133912795c1;-1
1296cfd0-02b3-4033-a7b7-242128264256;-1
12a02161-c220-414a-9ff1-62e07d2a146c;-1
12a19cdf-efa1-4515-bcfb-6db11e0bf7d2;-1
12a35f17-d862-4d72-a26f-9beac21fe868;-1
12a90ad6-9183-4d55-a36d-f79fc6aa4e1a;-1
12aadd81-e9c3-4794-bc98-c72e7126b152;-1
12ad8bd8-94bf-4ef5-9237-ae8d676c66b3;-1
12aed28b-cddf-4548-a081-d6889299b010;-1
12b249a2-febc-41b8-9824-03d046f598d6;1
12b2a480-367b-436c-a1ea-16006be6776e;-1
12b519c5-f9af-4995-9d2a-81d84801f51e;-1
12bc387e-4679-4a61-a96b-b3240bcda3af;1
12c3f69a-c7c9-44b0-9c17-a1a0620934df;-1
12c53877-1410-4260-8a47-c2c8594f19f5;-1
12d0e332-057d-4c11-999b-060491e2bd87;1
12d40eb8-6b34-4cfe-8908-34332bfcde8f;1
12d7d6f7-2d13-4c61-962d-96736bec28d4;-1
12e0bdd0-d65a-49ea-908c-feb57a49abdf;-1
12e14ca3-5013-4005-902a-c4e34e9f76c1;-1
12e69ca4-3448-491b-9b47-ecad3888aed4;1
12eed0e8-6db2-4917-921b-8ef0fe5ef3a0;1
12f8b953-a6a3-4b7e-9c0b-e9839aab0127;-1
1302365d-f07a-4c98-aad9-f9029a8e017e;-1
130bf1b5-66c6-41ca-bb18-4ff15b0335e7;1
130c342f-428f-409b-971b-145e6a91e410;1
1316c0fa-6394-4a7b-95f2-8c3af3412fa7;-1
132243ae-9eae-49dd-af3f-962f9d2ddf06;1
1327c438-42ee-46a9-b327-dffa9d46b324;1
133294f9-2474-46c7-8cd1-50a832d004db;1
1341c43f-f43f-4617-b321-3df243aa8a21;-1
1343192b-b7ce-4ec1-aa49-0d9f4f911e80;1
134c3cb2-5bf8-4782-97bb-05179b92031f;-1
134c859e-c5c3-462a-a860-3e88eb7a6611;-1
1358db68-86d0-42c0-b75a-ec6f3e41dd95;1
13664d05-d7e5-4f24-8730-9f02f8cb845a;-1
1368f415-e988-4c4b-b01a-dc7e2bbc0461;1
136a2afb-f439-4826-9057-cf48f01a4f3a;1
136c5437-1640-4315-8a93-ef1fdb2771d5;-1
1379b30c-73e1-48e3-82df-750afde350be;-1
137fe2fc-45fa-4d41-9960-408acba63f1c;-1
13880b2f-1d6e-4355-a597-d5e28bd3b86b;-1
13887db7-8d66-4bf2-9809-c37281675310;-1
138dba34-bd4e-4370-9309-e4184fb92a31;1
1394d8e4-853d-4b46-a28d-0aae849fd9a6;-1
13a43130-20e3-4c7a-999f-06b551768f2e;1
13a7093f-6f2c-4e3b-9eab-d4d61a22cad3;1
13acf958-34d8-4a36-aa96-55b270268fb8;-1
13b18911-b88c-4fbd-b5c4-6343ad764e65;1
13bb0193-4958-4d0b-bd22-95c25b927a58;1
13cb7f48-105b-4a36-89c3-82626342de52;1
13d53496-2c1c-431e-84e0-00f349ca6a05;-1
13d73e72-4b64-46b8-b347-b62d250e8f1a;-1
13f761c9-8f83-4194-81ba-98cf979316c0;1
13f806cc-58cb-4b5c-9bb5-a7093c0dd19c;-1
14169a5f-4ddd-4961-b03e-79d7c8f1d266;-1
1416f278-9163-4f7c-86a8-4d147a95d595;1
1422c0e1-efbe-4f7c-922b-535443cba9a0;-1
1426cabc-9cf1-49a7-b0e3-73af4c2fa7da;-1
142726be-dd50-468b-8807-b6a2a3360289;-1
142c3e52-81c5-4e51-b1bc-a39618245ecd;1
142d8994-af1a-4c7c-a6c9-636d704119b2;-1
1449453d-0eef-4366-84ef-1e0004dfcf41;-1
144ae7a5-4e39-444a-bf56-35c88dfa6f4d;1
1453beb6-cbcd-4030-8593-4b5bee75fbe5;-1
14549f81-1480-48ba-9af7-38e210add181;-1
1459aaef-f845-4298-b592-978261debe65;-1
145c0c04-c374-44c9-9c11-192bcd11c888;1
145d005d-f6af-4568-9374-7e7fc9ffc418;1
1466886c-9c3d-4c8d-acbc-544250decc0b;-1
146fb46b-be62-4bdd-89b6-52b83a045104;1
14712e2d-628a-4a95-8f32-e1e17d0a7cc1;-1
1471a84f-38e7-43c9-b7b8-26d6e672265e;-1
1476e649-534d-480b-a709-3acdeac0babe;1
147aafff-7d62-4d40-8735-ac251199a978;-1
147f3733-6a07-4fd5-b7ce-5055bdcb1a07;1
14808197-62e2-4459-94c7-53a4c19261cc;1
1482b6ef-192e-4c03-89a3-392539e7ce4b;1
1483a86c-ed07-4c87-931d-04f3853b1b6d;1
149df939-fcd5-4881-aaa6-701838a6d620;-1
14a2dafa-b116-4c2c-8947-999a4b541210;-1
14af91fe-d52a-400a-af8a-bbde3854e766;-1
14afc95b-1160-4168-a543-36d343672549;1
14ba0c4d-f891-482f-8223-9b335c61f4b6;-1
14bbea17-14bb-4fc4-80e0-ce78383f20f0;1
14d1442d-7b6c-4e96-8bf9-66db61d38412;-1
14d54475-e850-4e12-9209-e9cddd0ffa9b;1
14e126d1-35c2-4780-bf53-6c389ed1d046;1
14eadd29-0428-4312-9666-1d1a1943a654;1
14f7247c-914c-4a4c-9906-a3678d9444cc;-1
1505f5d5-638c-468d-8484-9155ef40ae7b;-1
150608e5-e30f-48d2-a60c-a8422b0bcb2b;1
150f42c9-3e24-4fe9-9edb-e6fee11541c7;-1
15108a3b-c2ce-4bda-9946-71392af1b557;1
1512c11a-3c68-42f0-aaf6-005655a8d146;1
1519d7ed-862f-49b2-b2c4-a38cbbd91de7;1
1520332f-743d-4463-8034-54735d77630d;1
15288218-45d0-4cf2-ac16-8278f2ca3247;-1
152aa92b-4020-4ca4-84d3-89fb807756c4;1
153671be-d311-4d08-8ba4-62219f442bbc;1
153b3d4b-38c8-4249-bf45-842a97ae83c3;-1
154b5901-0ca8-4fc1-b620-8db699a8cab2;-1
154c4e51-bda5-4790-89b0-056ae16b52e6;1
154d9ab6-4611-4994-b12d-5f5c2e446d6c;1
15519d80-f3b9-4b5d-b48e-950ffb6d1915;1
1551c02e-e830-4ec1-9fa4-df2f894c4acc;1
15527b76-46d0-464c-8f96-7beef17f9b17;-1
155b3a7b-b61e-49db-934b-c5339fe643c0;-1
15607284-2467-4441-8fb7-b1e6ef8c47b9;-1
1560aae9-c010-4544-9d48-470e11e2c96f;-1
1562bb36-b09e-4f7c-adb2-e8c34284ee33;1
156d67de-9779-4b9c-b763-bd699d34ecaf;-1
157bdad9-9fcc-41c2-a1fa-ff8b7e313f3d;-1
15818f7e-a93f-43a0-aaa7-8b2035a111a9;-1
158edf15-f8cb-46b8-8e9c-183415b84619;-1
159540f4-f42b-4db7-a7ea-afd287cb90c3;1
159ee09e-d912-4387-ae75-5583bb74a258;1
15a0e441-69ca-4891-ba60-6c10ffb9eb20;-1
15a2d888-d3ae-4783-82a8-64088bd20e28;1
15a57094-e6e8-46ce-82ae-911a97134a0a;-1
15ad15f0-91be-48b2-a13a-d294b78746c7;1
15b9520f-c2af-4ae3-853a-3704b371b1b7;1
15b98a0f-9bfd-4c69-9b7c-6f62f3fd7627;1
15d2d748-4509-4a90-a5d5-80f3943a65c9;1
15d5269d-a3ab-40fa-90ba-eff983ccfbcb;1
15d7a412-2c8f-4df7-87bb-2fac33e4722a;-1
15d88b0c-bbc1-4bfb-aa44-f8838a2dd9d7;-1
15dacb8a-94cb-462a-9d29-dc54f1d00dbc;-1
15dd0cd9-6eae-4047-8488-55c3e3fcba77;-1
15dd0f56-4fc6-4811-b67e-b22c0c31749c;-1
15e15a80-bbda-4e16-b091-fa3282aae725;-1
15ef6fd0-3b4c-4429-8016-8a1130f23b3c;-1
15f17d2a-41ee-4581-8266-7520808fcd9d;1
15fb914c-0535-4363-9a11-2ef9a8d77ecd;1
15fc0075-17c6-4118-8af5-808bcf1a49b1;1
160126e1-2772-4d3f-a8f4-e3481b0b07b0;1
1606396a-63c4-4f82-9730-3a411f548e80;-1
160a3446-8069-4786-a4be-c77e0d29a4dd;1
160af464-cb2e-465f-be43-10bb93fb00e3;-1
160e2fa2-1c1c-4935-98d8-e6ce4e088de5;-1
160f4c4f-e33b-45df-903e-8bb95b55408c;-1
16153c32-4d36-4988-b196-c805855f1f0c;-1
161a6173-d2a8-4d65-9d9e-81c8ea5737d7;-1
16216128-3778-4ede-a833-6f0c3f8fb456;1
1622dacb-5f18-4b99-bd37-8cb67039609b;-1
1623ba60-b539-4a60-8e21-e06d93403b76;-1
16304557-101f-4079-bf23-0d613474ad72;-1
1634bf3c-829e-4c48-b1f7-d99920e3d3a6;1
163cbd45-60c1-4a8c-b37b-ff49b763f72c;1
164610b2-b8e4-4eb0-b20b-e28bc62d5cd5;-1
1646bbbd-846a-487e-954f-e07df32c5e0b;-1
1648a0b5-ab07-4246-99e2-90abe85a1393;-1
164cce28-3eea-44a5-adbe-3e4db06bd764;-1
164efff3-392a-4413-8fbe-3592be9cfd02;1
1651e222-8460-49d4-977a-9c28f29c9fe5;-1
165312de-6111-4f00-8791-88c502e41afa;1
165a263d-5822-4b9d-b291-590dc3247049;1
165d9c4e-5853-4a10-be37-21af4d4dc72b;-1
1669639c-8a6d-4ea7-96f2-627b3dcf8396;-1
1670b778-b190-4842-ad85-3c6a98139e83;1
1672af44-63cf-474d-8c1a-c47dea463302;-1
167e9812-2e44-46ef-aad1-4fff333c0fd1;1
167f1e37-3877-4fbb-8ba4-d71064a78db3;-1
167f5efa-7533-4e50-b30a-b4224d0d6dd1;-1
168375b0-1f98-489c-b2c5-e9cacae79bc7;-1
16976e76-6e78-48b7-a09a-6304b8916957;-1
169bd1a2-04ab-4a63-b56d-e6dc49778b3e;-1
16a15b46-0bee-4d2e-a44f-b24d52a731b7;-1
16b12703-b8ec-4ed8-929a-2ffe295b5d8e;-1
16b21e30-9457-4a0e-8aa2-2290a7709210;-1
16b5e622-5234-4320-9d21-39e230516d3f;1
16c80f3b-37d0-4745-8861-3b87b03dfce0;1
16cb0165-84c1-494e-a996-132e0b142743;1
16d5b38c-8970-45b7-b189-2ed943c02586;-1
16d76446-3e90-4504-95d5-5dca0620c6b9;1
16defbb1-bb2c-4809-98a6-b4275977cfd4;1
16e3e4c4-4553-4018-a831-9fc00fb557a8;1
16e68130-131b-428b-b08b-376e1a57388d;1
16e97349-b77d-438b-b7f1-7f48b6d31c66;-1
16f5a7ce-04d9-4375-a9eb-025c04bb6925;-1
16f7f309-694d-4dcf-9a0b-53341a9fd0e9;-1
1703e267-55f0-4268-9fd3-7cfdefacec3d;-1
170b3155-5fdf-4d91-a572-168cfa6a1cf2;1
170c9f5f-65e5-4a09-aa0f-f70e65c64b3e;-1
171421e4-77ad-483d-b297-3828d8448349;-1
171839fe-9d84-4a64-a0e4-4da58c99a50e;1
17185a5d-1c1a-463f-a47a-236c30097ed6;-1
171be815-cfc4-40d2-b472-c0909a214786;-1
1728bca3-6520-4d3a-8e8e-e99492e00a3b;1
172b5691-bc5b-44e3-8d17-e9eae93e6bb7;-1
17344337-74e2-4515-a371-656e854c70be;-1
17377c1e-2fc8-4974-bd14-1435c6c5e8af;1
1745be66-fdc3-429b-adef-96bcc92a8edb;-1
17565867-09a0-4be3-adbc-f39037b14266;1
175a08c5-e881-47f8-8b19-ce2c9f56f697;1
17614c7e-9127-4c03-8310-88dc850f351a;1
176a850c-652d-4f93-9419-6d20732a9ca2;-1
17757565-d58a-4667-b4e7-6da9cf55c0c2;1
177784dc-10f1-4c52-9330-73e80917c69e;-1
17829965-3475-46b5-b509-b0a7ae31b772;1
178b9baa-ac6c-4c55-988a-5dc0a1f6d9b7;1
1790e072-9365-489a-b4c9-e363198d27b8;1
179b8482-a233-41dd-8551-b7d60496fb91;1
179dd2a4-fe74-4fb0-b7a3-6620d28c5731;-1
17acb882-ca5e-4668-b203-088578c0d962;1
17ace6d5-1cef-4002-9c56-08cffeacb9a5;-1
17b57de4-5bd7-4bff-98cd-7846a7efb2ae;1
17b605c7-91db-4f1f-87ee-7aa560a320f3;-1
17babde6-f25f-4993-bf69-fedc75240414;1
17d1dfe4-b9dc-42b5-8e4b-37ef95bad790;1
17d6bd84-894a-4836-9cfa-a4cfe73e5d4a;1
17d79ba2-9208-4fb8-8792-14d71c6b9a43;1
17eaa1a9-7acc-4fb7-99fc-8c6e782cd961;-1
17fa38ea-9ee6-4595-bd2b-d8f2c1f77c86;-1
17ffd566-4a7c-49f6-b913-f87938ee9ab9;1
180386c9-62c0-4ec9-93cf-f06d037e8674;-1
18044445-da1c-4e31-a431-2d37f8b0c00f;1
1810089b-4d22-4403-a838-3b902d504098;-1
18142107-be41-4a75-be93-6aa1a4c53734;1
18159b15-7860-44c0-ad25-97fb77de1dc7;1
181bc373-56d8-451b-a424-0a5d0dd0c76f;-1
181f8070-5d46-4f63-aedf-4d675f3e04ea;1
181fdd93-5789-49b7-beec-54238bee642a;1
182a049e-0eae-4e3b-9113-506869a56fff;1
182c39ca-1c36-4b05-bbe7-c442ed18be64;-1
182c3ace-d257-4f72-9c8b-bfe89734a24b;1
182e5019-d957-45dd-8ff3-178cc7655ac3;-1
1838b58c-0876-4dcb-9acb-3110694db2fe;-1
183d347a-97ee-4c36-beb8-e31b01c4e916;-1
183d8a5a-1bb1-45d2-a397-49a9e6908df2;-1
1850e85c-9310-4225-8e86-27da6eae128c;1
18529094-f348-4d41-9869-47662813038f;1
18559b4f-f6f3-4427-84e5-8f6d130d6d32;1
185f6083-53dd-46d6-98d2-28ef7c6f9d06;-1
186b12c7-adc5-42f8-b972-bc51ad8ea64b;-1
186c96dd-fb9f-48a7-9957-caf2610908f4;-1
187cc661-0333-4319-bc1a-12430b35411b;-1
188395e5-c4d7-440c-91c3-b7b720e525f4;1
1889a400-96de-48da-acce-184ad5b3f507;1
188b04b0-bbf2-4686-a9bf-8334a7a2f6f5;-1
1890f3ce-4627-4a43-aafc-515ed4eca852;1
1892b31d-da49-482a-8575-6878d1444faa;1
18a54e6a-bc92-448f-81e3-ac01d17c0ee7;1
18a6de6f-3bcb-4ca1-9b56-4cd6dbdf3db7;-1
18aa5a26-c046-404b-b2d4-ecf459b7f4d7;-1
18b3f94e-89e9-4cd6-8e6f-fe9963d9e102;-1
18b42ad6-f7d2-4b75-9da7-686704ed6440;1
18b465d4-9e3f-4de7-9e31-e4bf18470e36;-1
18bbb6c6-f697-40d9-bdbb-562c70e50447;1
18c7d037-898f-4a07-ab56-0b960960c78c;1
18c7dd48-bcae-4efa-8d2b-03a955903fe8;1
18ca000a-7bc7-497a-9872-35dbe11e63b4;1
18d1f63d-0fa5-45db-8f40-4c1cd3352506;-1
18d90161-3e01-4e79-8ab3-434299170916;1
18dfb60a-dce1-4033-8605-8dea09a7d0a8;1
18e6a61f-4d08-4f31-a756-4fdb7c752cf5;-1
18ea21b0-882c-49c1-8ad9-fc6862350b48;1
18eb76de-9929-4925-91b5-0b0c454caa0a;1
18ee6956-70d3-457e-9b04-2e6de4e1b856;1
18faef2c-0089-4880-99e9-0d87b2929d2b;1
18fc7028-0586-4e9e-942e-fdde6eb6df19;1
1909e879-1d5e-43d9-a000-fbed99269d46;1
190dbb32-0ecb-40ea-8589-286bd3bafff3;1
1912b583-60dd-4441-a47c-d9f16afc68b6;-1
19188771-1116-41e2-b0b1-eedaefe0090c;-1
1918c4e0-a037-499b-af64-326eccfaa3f1;-1
191e9a7f-39ef-4855-8c0f-9d1491408878;-1
1924a34e-5f5f-4340-bc64-b38c9226a879;1
19260c14-cdb8-4212-b54c-a651888babb6;1
192c5386-aa5e-4134-af8d-b761846f38c2;-1
19301e78-3edb-4af3-9088-71238402b739;1
193102b8-41c7-4fb3-8f9a-585bad45d101;1
19323a37-f659-4f90-b283-485d673c2c47;1
193ab504-de44-45b5-8357-30afe6635703;1
193cc906-a765-4dcc-b11c-c67f2b8554ba;1
193f3b31-fb44-434e-840b-0c6a76e95401;-1
194f3981-ca0a-4dc9-9c9c-e22b7bef51f2;-1
1978727a-8bcd-4ab7-aacc-0685910afe0f;-1
197d5985-c28d-42ec-898a-6d667ebfe752;-1
1982d23d-d76f-4f20-a9d5-a1c2a016d087;1
198ec6f6-ba40-43eb-abea-3a1a3304fb30;-1
199420df-58a3-4721-a4c0-125f0e98d1e0;-1
199498d7-7fe1-41cf-be0b-1d1547bae71e;-1
199a7f1e-3a9a-4e32-9160-eed53a9dcea1;1
199b68c3-6d3f-4edd-8603-095a4f5c348a;-1
199b8993-3191-4acd-b44a-690e7296acf5;1
19a0c3c1-99d7-45ef-9111-f403d047f751;-1
19a2b40d-87b6-4d3a-bd5c-dd49602a0fe8;-1
19a480d9-ec7b-4a70-a4e5-4534d1852dc0;1
19a699b2-b61b-4cf6-a371-d1c03f3f6d36;-1
19a79e79-4fe3-4d70-8cf4-94569b4b655e;-1
19ae8002-752e-480a-9aee-f6ba705d214e;1
19b35e81-465a-43f5-abaa-798f85a44a6f;1
19b732e9-d96b-43e6-a8ca-5d96e93105ca;1
19c7999f-ecff-46a4-9c82-61f3097a7c7d;-1
19cc883d-d9d2-4ebc-a543-5a37750e1012;-1
19d027f2-84ff-4bfd-b3b6-4f08fd433dc0;-1
19e9879c-685e-4023-bde9-fc15aa2674d9;1
19fda712-586d-431c-844b-58fa022e50c7;-1
19ffd925-c11b-4e4c-ab5a-44cefc9e4d29;-1
1a0cfa13-d1f6-4150-8d72-a1b7a43c8f21;-1
1a10d264-700f-49f2-abaa-9b3827302d86;1
1a1197bd-f7f2-47b4-b0c2-56fe8ec60f7d;1
1a148de2-de89-4162-94dc-ca2acea104b8;1
1a1e09cd-0e33-402c-8767-31e5a069b30b;1
1a200f48-d4d2-4297-a706-5af9a39edf3a;1
1a21bdef-63df-4b2d-91b0-90259ebd4908;-1
4a1e43c8-d9d6-4c73-95df-c3dc7c66a338;1